{
  "name": "brats_seg_AsynDGANv2_exp43",
  "n_gpu": 1,
  "model": {
    "type": "Unet",
    "args": {
      "in_channel": 2,
      "out_channel": 2
    }
  },
  "data_loader": {
    "type": "GeneralDataLoader",
    "args": {
      "data_dir": [
        "/data/zhennan/pytorch-template-code/data/brats_3db_2ch_missing_0.h5",
        "/data/zhennan/pytorch-template-code/data/brats_test_2ch_0.h5"
      ],
      "batch_size": 20,
      "shuffle": true,
      "validation_split": [
        [
          "train"
        ],
        [
          "test"
        ]
      ],
      "num_workers": 0
    },
    "transforms": [
      "FilterLabel",
      "Resize",
      "RandomCrop",
      "RandomFlip",
      "ToTensor",
      "NormalizeInstanceChannel"
    ],
    "transforms_args": {
      "FilterLabel": [
        [
          1,
          2,
          4
        ],
        [
          1,
          1,
          1
        ]
      ],
      "Resize": [
        286
      ],
      "RandomCrop": [
        256
      ],
      "RandomFlip": [
        true,
        true
      ]
    }
  },
  "test_data_loader": {
    "type": "GeneralTestDataLoader",
    "args": {
      "data_dir": "/research/cbim/vast/qc58/pub-db/BraTS2018/AsynDGANv2/General_format_BraTS18_test_2d_3ch_new.h5",
      "batch_size": 10,
      "shuffle": false,
      "validation_split": 0,
      "num_workers": 0
    },
    "transforms": [
      "SelectChannel",
      "FilterLabel",
      "Resize","ExpCentralCrop2d",
      "ToTensor",
      "NormalizeChannel"
    ],
    "transforms_args": {
      "SelectChannel": [
        [
          1,
          2
        ],
        [
          0
        ]
      ],
      "Resize": [
        286
      ],
      "ExpCentralCrop2d": [
        256
      ],
      "FilterLabel": [
        [
          1,
          2,
          4
        ],
        [
          1,
          1,
          1
        ]
      ]
    }
  },
  "optimizer": {
    "type": "Adam",
    "args": {
      "lr": 0.01,
      "weight_decay": 0,
      "amsgrad": true
    }
  },
  "loss": [
    "cross_entropy_loss",
    "tversky_loss"
  ],
  "metric": [
    "dice",
    "sensitivity",
    "specificity",
    "hausdorff95"
  ],
  "lr_scheduler": {
    "type": "StepLR",
    "args": {
      "step_size": 50,
      "gamma": 0.1
    }
  },
  "trainer": {
    "type": "Trainer",
    "epochs": 50,
    "save_dir": "saved/",
    "save_period": 5,
    "verbosity": 2,
    "monitor": "max val_dice",
    "early_stop": 30,
    "tensorboard": false
  }
}
