{
    "name": "FSL_segmentation_exp1_5_1.5t",
    "n_gpu": 1,

    "model": {
        "type": "Unet",
        "args": {
            "in_channel" : 1,
            "out_channel": 4
        }
    },
    "data_loader": {
        "type": "FasterGeneralDataLoader",
        "args":{
            "data_dir": ["/research/cbim/vast/qc58/pub-db/ACDC/ACDC_train_2d_1.5t.h5","/research/cbim/vast/qc58/pub-db/ACDC/ACDC_test_2d.h5"],
            "batch_size": 64,
            "shuffle": true,
            "validation_split": [["train"],["test"]],
            "num_workers": 0
        },
        "transforms": ["Unsqueeze","Resize", "RandomCrop", "RandomFlip","ToTensor","NormalizeInstance"],
        "transforms_args": {
            "Resize": [286],
            "RandomCrop": [256],
            "RandomFlip": [true, true]
        }
    },
    "test_data_loader": {
        "type": "FasterGeneralDataLoader",
        "args":{
            "data_dir": "/research/cbim/vast/qc58/private-db/cardiac/derivate_export_data/DyssynchronyProjectDcmFiltered-sax-apr18.h5",
            "batch_size": 1,
            "shuffle": false,
            "validation_split": 0,
            "num_workers": 0,
            "has_label": false
        },
        "transforms": ["ToTensor","NormalizeInstance"],
        "transforms_args": {}
    },
    "optimizer": {
        "type": "Adam",
        "args":{
            "lr": 0.01,
            "weight_decay": 0,
            "amsgrad": true
        }
    },
    "loss": ["cross_entropy_loss","tversky_loss"],
    "metric": ["accuracy", "dice", "dice_cat1","dice_cat2","dice_cat3"],
    "lr_scheduler": {
        "type": "StepLR",
        "args": {
            "step_size": 50,
            "gamma": 0.1
        }
    },
    "trainer": {
        "type": "Trainer",
        "epochs": 200,

        "save_dir": "saved/",
        "save_period": 1,
        "verbosity": 2,
        
        "monitor": "max val_dice",
        "early_stop": 50,

        "tensorboard": true,
        "vis": false
    }
}
